{
  "Grant" : {
    "transaction" : "Grant",
    "sampleCount" : 300,
    "errorCount" : 0,
    "errorPct" : 0.0,
    "meanResTime" : 226.4366666666666,
    "medianResTime" : 206.0,
    "minResTime" : 92.0,
    "maxResTime" : 682.0,
    "pct1ResTime" : 294.90000000000003,
    "pct2ResTime" : 379.0,
    "pct3ResTime" : 679.97,
    "throughput" : 23.3172703248873,
    "receivedKBytesPerSec" : 9.764106948546557,
    "sentKBytesPerSec" : 11.895451189180786
  },
  "Deregistration" : {
    "transaction" : "Deregistration",
    "sampleCount" : 300,
    "errorCount" : 0,
    "errorPct" : 0.0,
    "meanResTime" : 211.57000000000016,
    "medianResTime" : 195.0,
    "minResTime" : 37.0,
    "maxResTime" : 685.0,
    "pct1ResTime" : 250.7000000000001,
    "pct2ResTime" : 369.0,
    "pct3ResTime" : 679.99,
    "throughput" : 24.14681262073406,
    "receivedKBytesPerSec" : 6.164039862363168,
    "sentKBytesPerSec" : 7.531730420959434
  },
  "Revoke" : {
    "transaction" : "Revoke",
    "sampleCount" : 300,
    "errorCount" : 0,
    "errorPct" : 0.0,
    "meanResTime" : 189.49999999999991,
    "medianResTime" : 181.0,
    "minResTime" : 14.0,
    "maxResTime" : 439.0,
    "pct1ResTime" : 256.80000000000007,
    "pct2ResTime" : 278.95,
    "pct3ResTime" : 415.95000000000005,
    "throughput" : 24.54991816693944,
    "receivedKBytesPerSec" : 5.010676657119476,
    "sentKBytesPerSec" : 5.72991254091653
  },
  "Registration" : {
    "transaction" : "Registration",
    "sampleCount" : 300,
    "errorCount" : 0,
    "errorPct" : 0.0,
    "meanResTime" : 227.4333333333332,
    "medianResTime" : 207.0,
    "minResTime" : 84.0,
    "maxResTime" : 682.0,
    "pct1ResTime" : 315.40000000000055,
    "pct2ResTime" : 394.95,
    "pct3ResTime" : 681.0,
    "throughput" : 23.369946249123625,
    "receivedKBytesPerSec" : 5.874437660668381,
    "sentKBytesPerSec" : 14.745431905819117
  },
  "Total" : {
    "transaction" : "Total",
    "sampleCount" : 2100,
    "errorCount" : 0,
    "errorPct" : 0.0,
    "meanResTime" : 210.2814285714286,
    "medianResTime" : 192.0,
    "minResTime" : 0.0,
    "maxResTime" : 1708.0,
    "pct1ResTime" : 280.0,
    "pct2ResTime" : 393.0,
    "pct3ResTime" : 1647.0,
    "throughput" : 138.77874702616973,
    "receivedKBytesPerSec" : 32.84378717287867,
    "sentKBytesPerSec" : 45.62777247720064
  },
  "Generate Valid SAS Address" : {
    "transaction" : "Generate Valid SAS Address",
    "sampleCount" : 300,
    "errorCount" : 0,
    "errorPct" : 0.0,
    "meanResTime" : 168.29333333333335,
    "medianResTime" : 1.0,
    "minResTime" : 0.0,
    "maxResTime" : 1708.0,
    "pct1ResTime" : 1440.0000000000537,
    "pct2ResTime" : 1672.75,
    "pct3ResTime" : 1701.0,
    "throughput" : 20.729684908789384,
    "receivedKBytesPerSec" : 0.0,
    "sentKBytesPerSec" : 0.0
  },
  "Relinquishment" : {
    "transaction" : "Relinquishment",
    "sampleCount" : 300,
    "errorCount" : 0,
    "errorPct" : 0.0,
    "meanResTime" : 221.86000000000007,
    "medianResTime" : 205.0,
    "minResTime" : 59.0,
    "maxResTime" : 685.0,
    "pct1ResTime" : 277.0,
    "pct2ResTime" : 384.4999999999999,
    "pct3ResTime" : 681.98,
    "throughput" : 23.664904945965134,
    "receivedKBytesPerSec" : 7.598653072493493,
    "sentKBytesPerSec" : 8.962158337934843
  },
  "Authorize" : {
    "transaction" : "Authorize",
    "sampleCount" : 300,
    "errorCount" : 0,
    "errorPct" : 0.0,
    "meanResTime" : 226.87666666666655,
    "medianResTime" : 201.5,
    "minResTime" : 121.0,
    "maxResTime" : 828.0,
    "pct1ResTime" : 369.90000000000003,
    "pct2ResTime" : 394.95,
    "pct3ResTime" : 800.2900000000016,
    "throughput" : 23.399110833788317,
    "receivedKBytesPerSec" : 4.821496470634116,
    "sentKBytesPerSec" : 5.529867990016379
  }
}