{
  "Grant" : {
    "transaction" : "Grant",
    "sampleCount" : 500,
    "errorCount" : 0,
    "errorPct" : 0.0,
    "meanResTime" : 348.79200000000026,
    "medianResTime" : 328.5,
    "minResTime" : 149.0,
    "maxResTime" : 732.0,
    "pct1ResTime" : 484.0,
    "pct2ResTime" : 565.0499999999997,
    "pct3ResTime" : 673.97,
    "throughput" : 22.894821191446493,
    "receivedKBytesPerSec" : 9.59793832135171,
    "sentKBytesPerSec" : 11.685302097165621
  },
  "Deregistration" : {
    "transaction" : "Deregistration",
    "sampleCount" : 500,
    "errorCount" : 0,
    "errorPct" : 0.0,
    "meanResTime" : 354.91200000000003,
    "medianResTime" : 328.5,
    "minResTime" : 44.0,
    "maxResTime" : 743.0,
    "pct1ResTime" : 492.0,
    "pct2ResTime" : 593.95,
    "pct3ResTime" : 739.3600000000006,
    "throughput" : 23.16423442205235,
    "receivedKBytesPerSec" : 5.918642865415798,
    "sentKBytesPerSec" : 7.230679580727356
  },
  "Revoke" : {
    "transaction" : "Revoke",
    "sampleCount" : 500,
    "errorCount" : 0,
    "errorPct" : 0.0,
    "meanResTime" : 335.7479999999999,
    "medianResTime" : 313.0,
    "minResTime" : 26.0,
    "maxResTime" : 744.0,
    "pct1ResTime" : 476.0,
    "pct2ResTime" : 547.6499999999999,
    "pct3ResTime" : 672.99,
    "throughput" : 23.39838083204642,
    "receivedKBytesPerSec" : 4.775646087790725,
    "sentKBytesPerSec" : 5.461145526229585
  },
  "Registration" : {
    "transaction" : "Registration",
    "sampleCount" : 500,
    "errorCount" : 0,
    "errorPct" : 0.0,
    "meanResTime" : 361.30600000000015,
    "medianResTime" : 335.0,
    "minResTime" : 92.0,
    "maxResTime" : 740.0,
    "pct1ResTime" : 502.90000000000003,
    "pct2ResTime" : 618.8499999999999,
    "pct3ResTime" : 703.0,
    "throughput" : 23.026618771299624,
    "receivedKBytesPerSec" : 5.793533261950816,
    "sentKBytesPerSec" : 14.536902315326518
  },
  "Total" : {
    "transaction" : "Total",
    "sampleCount" : 3500,
    "errorCount" : 0,
    "errorPct" : 0.0,
    "meanResTime" : 322.2980000000002,
    "medianResTime" : 318.0,
    "minResTime" : 0.0,
    "maxResTime" : 1676.0,
    "pct1ResTime" : 491.0,
    "pct2ResTime" : 612.7999999999993,
    "pct3ResTime" : 991.9899999999998,
    "throughput" : 149.1837517582371,
    "receivedKBytesPerSec" : 35.33623620050297,
    "sentKBytesPerSec" : 49.07620958718725
  },
  "Generate Valid SAS Address" : {
    "transaction" : "Generate Valid SAS Address",
    "sampleCount" : 500,
    "errorCount" : 0,
    "errorPct" : 0.0,
    "meanResTime" : 100.5679999999999,
    "medianResTime" : 1.0,
    "minResTime" : 0.0,
    "maxResTime" : 1048.0,
    "pct1ResTime" : 837.1000000000311,
    "pct2ResTime" : 988.75,
    "pct3ResTime" : 1037.97,
    "throughput" : 22.118021764133413,
    "receivedKBytesPerSec" : 0.0,
    "sentKBytesPerSec" : 0.0
  },
  "Relinquishment" : {
    "transaction" : "Relinquishment",
    "sampleCount" : 500,
    "errorCount" : 0,
    "errorPct" : 0.0,
    "meanResTime" : 359.11200000000014,
    "medianResTime" : 331.0,
    "minResTime" : 108.0,
    "maxResTime" : 743.0,
    "pct1ResTime" : 505.60000000000014,
    "pct2ResTime" : 589.95,
    "pct3ResTime" : 735.99,
    "throughput" : 22.99379167624741,
    "receivedKBytesPerSec" : 7.393941135893308,
    "sentKBytesPerSec" : 8.718778742239595
  },
  "Authorize" : {
    "transaction" : "Authorize",
    "sampleCount" : 500,
    "errorCount" : 0,
    "errorPct" : 0.0,
    "meanResTime" : 395.64799999999957,
    "medianResTime" : 332.0,
    "minResTime" : 133.0,
    "maxResTime" : 1676.0,
    "pct1ResTime" : 561.0,
    "pct2ResTime" : 693.6499999999999,
    "pct3ResTime" : 1425.3400000000006,
    "throughput" : 23.144933574040643,
    "receivedKBytesPerSec" : 4.769122054807203,
    "sentKBytesPerSec" : 5.469798754802573
  }
}