scenario,request_type,mean,median,std,min,max,p90,p99
Extreme,Authorize,440.00525,449.0,519.5483401784287,0.0,5566.0,603.0,3392.0300000000007
Extreme,Deregistration,500.12125,602.0,323.0603891694535,0.0,1262.0,844.0,988.0
Extreme,Grant,498.602875,582.0,321.67766005950284,0.0,1195.0,849.0,1003.0500000000011
Extreme,Registration,525.527625,650.5,339.8354951404121,0.0,1279.0,881.0,1036.0100000000002
Extreme,Relinquishment,545.96625,684.0,338.46081505301805,0.0,1264.0,869.1000000000004,1023.0100000000002
Extreme,Revoke,336.994,424.0,215.23756436816365,0.0,814.0,557.0,667.0200000000004
