scenario,request_type,p95,p99,p999,max,count
Extreme,Authorize,239.0,1331.8000000000004,1444.4800000000025,1457.0,41
Extreme,Deregistration,269.0,1151.8000000000018,1597.4800000000098,1647.0,41
Extreme,Grant,247.0,1282.8000000000018,1728.4800000000098,1778.0,41
Extreme,Registration,238.0,1283.8000000000013,1630.4800000000077,1669.0,41
Extreme,Relinquishment,270.0,1259.800000000002,1743.2800000000107,1797.0,41
Extreme,Revoke,247.0,1129.400000000002,1580.84000000001,1631.0,41
