scenario,request_type,p95,p99,p999,max,count
Extreme,Authorize,693.0,3392.0300000000007,4879.002000000002,5566.0,8000
Extreme,Deregistration,890.0499999999993,988.0,1113.001000000001,1262.0,8000
Extreme,Grant,899.0,1003.0500000000011,1116.0040000000045,1195.0,8000
Extreme,Registration,936.0,1036.0100000000002,1181.0030000000033,1279.0,8000
Extreme,Relinquishment,923.0499999999993,1023.0100000000002,1150.0,1264.0,8000
Extreme,Revoke,594.0,667.0200000000004,782.0060000000067,814.0,8000
