scenario,request_type,mean,median,std,min,max,p90,p99
Extreme,Authorize,195.1219512195122,148.0,260.30464797252,5,1457,205.0,1331.8000000000004
Extreme,Deregistration,195.1219512195122,152.0,240.1944207430671,32,1647,216.0,1151.8000000000018
Extreme,Grant,195.1219512195122,150.0,264.2933214368036,17,1778,210.0,1282.8000000000018
Extreme,Registration,195.1219512195122,153.0,255.1336115765572,7,1669,188.0,1283.8000000000013
Extreme,Relinquishment,195.1219512195122,146.0,264.7614204450822,23,1797,215.0,1259.800000000002
Extreme,Revoke,195.1219512195122,144.0,236.2283000745202,45,1631,228.0,1129.400000000002
