{
  "Grant" : {
    "transaction" : "Grant",
    "sampleCount" : 20,
    "errorCount" : 0,
    "errorPct" : 0.0,
    "meanResTime" : 14.599999999999998,
    "medianResTime" : 14.0,
    "minResTime" : 9.0,
    "maxResTime" : 25.0,
    "pct1ResTime" : 19.900000000000002,
    "pct2ResTime" : 24.749999999999996,
    "pct3ResTime" : 25.0,
    "throughput" : 24.96878901373283,
    "receivedKBytesPerSec" : 10.094803370786517,
    "sentKBytesPerSec" : 12.557545255930087
  },
  "Deregistration" : {
    "transaction" : "Deregistration",
    "sampleCount" : 20,
    "errorCount" : 0,
    "errorPct" : 0.0,
    "meanResTime" : 11.1,
    "medianResTime" : 11.0,
    "minResTime" : 8.0,
    "maxResTime" : 17.0,
    "pct1ResTime" : 15.800000000000004,
    "pct2ResTime" : 16.95,
    "pct3ResTime" : 17.0,
    "throughput" : 26.455026455026452,
    "receivedKBytesPerSec" : 6.56208664021164,
    "sentKBytesPerSec" : 8.060515873015873
  },
  "Revoke" : {
    "transaction" : "Revoke",
    "sampleCount" : 20,
    "errorCount" : 0,
    "errorPct" : 0.0,
    "meanResTime" : 11.049999999999999,
    "medianResTime" : 11.0,
    "minResTime" : 4.0,
    "maxResTime" : 17.0,
    "pct1ResTime" : 16.700000000000006,
    "pct2ResTime" : 17.0,
    "pct3ResTime" : 17.0,
    "throughput" : 26.917900403768506,
    "receivedKBytesPerSec" : 5.493985531628533,
    "sentKBytesPerSec" : 6.282595895020188
  },
  "Registration" : {
    "transaction" : "Registration",
    "sampleCount" : 20,
    "errorCount" : 0,
    "errorPct" : 0.0,
    "meanResTime" : 15.05,
    "medianResTime" : 14.0,
    "minResTime" : 8.0,
    "maxResTime" : 30.0,
    "pct1ResTime" : 21.900000000000002,
    "pct2ResTime" : 29.599999999999994,
    "pct3ResTime" : 30.0,
    "throughput" : 25.031289111389235,
    "receivedKBytesPerSec" : 6.111154568210263,
    "sentKBytesPerSec" : 15.522332603254068
  },
  "Total" : {
    "transaction" : "Total",
    "sampleCount" : 120,
    "errorCount" : 0,
    "errorPct" : 0.0,
    "meanResTime" : 13.716666666666665,
    "medianResTime" : 12.0,
    "minResTime" : 4.0,
    "maxResTime" : 59.0,
    "pct1ResTime" : 19.0,
    "pct2ResTime" : 23.899999999999977,
    "pct3ResTime" : 58.579999999999984,
    "throughput" : 132.30429988974643,
    "receivedKBytesPerSec" : 35.574007717750824,
    "sentKBytesPerSec" : 49.872519294377064
  },
  "Relinquishment" : {
    "transaction" : "Relinquishment",
    "sampleCount" : 20,
    "errorCount" : 0,
    "errorPct" : 0.0,
    "meanResTime" : 14.350000000000001,
    "medianResTime" : 15.0,
    "minResTime" : 7.0,
    "maxResTime" : 25.0,
    "pct1ResTime" : 19.700000000000006,
    "pct2ResTime" : 24.749999999999996,
    "pct3ResTime" : 25.0,
    "throughput" : 26.350461133069828,
    "receivedKBytesPerSec" : 8.08012187088274,
    "sentKBytesPerSec" : 9.598361330698287
  },
  "Authorize" : {
    "transaction" : "Authorize",
    "sampleCount" : 20,
    "errorCount" : 0,
    "errorPct" : 0.0,
    "meanResTime" : 16.150000000000002,
    "medianResTime" : 11.0,
    "minResTime" : 9.0,
    "maxResTime" : 59.0,
    "pct1ResTime" : 53.700000000000074,
    "pct2ResTime" : 58.9,
    "pct3ResTime" : 59.0,
    "throughput" : 23.612750885478157,
    "receivedKBytesPerSec" : 4.86551800472255,
    "sentKBytesPerSec" : 5.580357142857143
  }
}