{
  "Grant" : {
    "transaction" : "Grant",
    "sampleCount" : 1000,
    "errorCount" : 0,
    "errorPct" : 0.0,
    "meanResTime" : 717.2890000000009,
    "medianResTime" : 683.5,
    "minResTime" : 106.0,
    "maxResTime" : 1485.0,
    "pct1ResTime" : 1013.0,
    "pct2ResTime" : 1137.0,
    "pct3ResTime" : 1273.4900000000005,
    "throughput" : 21.80787264202377,
    "receivedKBytesPerSec" : 9.150787809399194,
    "sentKBytesPerSec" : 11.13479309780831
  },
  "Deregistration" : {
    "transaction" : "Deregistration",
    "sampleCount" : 1000,
    "errorCount" : 0,
    "errorPct" : 0.0,
    "meanResTime" : 696.6149999999989,
    "medianResTime" : 672.5,
    "minResTime" : 36.0,
    "maxResTime" : 1487.0,
    "pct1ResTime" : 985.9,
    "pct2ResTime" : 1105.0,
    "pct3ResTime" : 1404.970000000001,
    "throughput" : 22.23754141742089,
    "receivedKBytesPerSec" : 5.686208832751451,
    "sentKBytesPerSec" : 6.945757077097556
  },
  "Revoke" : {
    "transaction" : "Revoke",
    "sampleCount" : 1000,
    "errorCount" : 0,
    "errorPct" : 0.0,
    "meanResTime" : 679.6840000000004,
    "medianResTime" : 669.0,
    "minResTime" : 16.0,
    "maxResTime" : 1487.0,
    "pct1ResTime" : 938.9,
    "pct2ResTime" : 1050.0,
    "pct3ResTime" : 1220.0,
    "throughput" : 22.46383322850211,
    "receivedKBytesPerSec" : 4.584903461676701,
    "sentKBytesPerSec" : 5.243023575792973
  },
  "Registration" : {
    "transaction" : "Registration",
    "sampleCount" : 1000,
    "errorCount" : 0,
    "errorPct" : 0.0,
    "meanResTime" : 713.6000000000008,
    "medianResTime" : 689.0,
    "minResTime" : 108.0,
    "maxResTime" : 1484.0,
    "pct1ResTime" : 949.0,
    "pct2ResTime" : 1119.349999999999,
    "pct3ResTime" : 1296.95,
    "throughput" : 21.733460836303575,
    "receivedKBytesPerSec" : 5.472417521516126,
    "sentKBytesPerSec" : 13.726887822741894
  },
  "Total" : {
    "transaction" : "Total",
    "sampleCount" : 7000,
    "errorCount" : 0,
    "errorPct" : 0.0,
    "meanResTime" : 658.1000000000001,
    "medianResTime" : 663.0,
    "minResTime" : 0.0,
    "maxResTime" : 7416.0,
    "pct1ResTime" : 1010.0,
    "pct2ResTime" : 1143.0,
    "pct3ResTime" : 1714.949999999999,
    "throughput" : 144.17531718569782,
    "receivedKBytesPerSec" : 34.17405565167243,
    "sentKBytesPerSec" : 47.450735809029496
  },
  "Generate Valid SAS Address" : {
    "transaction" : "Generate Valid SAS Address",
    "sampleCount" : 1000,
    "errorCount" : 0,
    "errorPct" : 0.0,
    "meanResTime" : 161.62999999999985,
    "medianResTime" : 1.0,
    "minResTime" : 0.0,
    "maxResTime" : 1790.0,
    "pct1ResTime" : 1250.099999999969,
    "pct2ResTime" : 1589.4499999999994,
    "pct3ResTime" : 1755.95,
    "throughput" : 20.849839456236186,
    "receivedKBytesPerSec" : 0.0,
    "sentKBytesPerSec" : 0.0
  },
  "Relinquishment" : {
    "transaction" : "Relinquishment",
    "sampleCount" : 1000,
    "errorCount" : 0,
    "errorPct" : 0.0,
    "meanResTime" : 705.6990000000005,
    "medianResTime" : 677.5,
    "minResTime" : 84.0,
    "maxResTime" : 1792.0,
    "pct1ResTime" : 935.9,
    "pct2ResTime" : 1103.9499999999998,
    "pct3ResTime" : 1221.98,
    "throughput" : 22.031769812069,
    "receivedKBytesPerSec" : 7.093197140276278,
    "sentKBytesPerSec" : 8.362605752495098
  },
  "Authorize" : {
    "transaction" : "Authorize",
    "sampleCount" : 1000,
    "errorCount" : 0,
    "errorPct" : 0.0,
    "meanResTime" : 932.1830000000001,
    "medianResTime" : 737.0,
    "minResTime" : 129.0,
    "maxResTime" : 7416.0,
    "pct1ResTime" : 1147.5,
    "pct2ResTime" : 1704.6999999999928,
    "pct3ResTime" : 6471.91,
    "throughput" : 21.708455443395206,
    "receivedKBytesPerSec" : 4.4731290024964725,
    "sentKBytesPerSec" : 5.130318571583632
  }
}