{
  "Grant" : {
    "transaction" : "Grant",
    "sampleCount" : 100,
    "errorCount" : 0,
    "errorPct" : 0.0,
    "meanResTime" : 83.37,
    "medianResTime" : 82.0,
    "minResTime" : 23.0,
    "maxResTime" : 144.0,
    "pct1ResTime" : 104.0,
    "pct2ResTime" : 122.89999999999998,
    "pct3ResTime" : 143.90999999999997,
    "throughput" : 23.380874444704233,
    "receivedKBytesPerSec" : 9.735942249240122,
    "sentKBytesPerSec" : 11.900499766191254
  },
  "Deregistration" : {
    "transaction" : "Deregistration",
    "sampleCount" : 100,
    "errorCount" : 0,
    "errorPct" : 0.0,
    "meanResTime" : 67.55999999999997,
    "medianResTime" : 68.5,
    "minResTime" : 20.0,
    "maxResTime" : 121.0,
    "pct1ResTime" : 84.9,
    "pct2ResTime" : 100.94999999999999,
    "pct3ResTime" : 120.99,
    "throughput" : 23.747328425552126,
    "receivedKBytesPerSec" : 6.03423325813346,
    "sentKBytesPerSec" : 7.379296782236998
  },
  "Revoke" : {
    "transaction" : "Revoke",
    "sampleCount" : 100,
    "errorCount" : 0,
    "errorPct" : 0.0,
    "meanResTime" : 57.10000000000001,
    "medianResTime" : 58.0,
    "minResTime" : 14.0,
    "maxResTime" : 118.0,
    "pct1ResTime" : 77.9,
    "pct2ResTime" : 101.89999999999998,
    "pct3ResTime" : 118.0,
    "throughput" : 24.067388688327316,
    "receivedKBytesPerSec" : 4.91219163658243,
    "sentKBytesPerSec" : 5.61729091456077
  },
  "Registration" : {
    "transaction" : "Registration",
    "sampleCount" : 100,
    "errorCount" : 0,
    "errorPct" : 0.0,
    "meanResTime" : 88.57000000000002,
    "medianResTime" : 83.0,
    "minResTime" : 42.0,
    "maxResTime" : 150.0,
    "pct1ResTime" : 122.50000000000003,
    "pct2ResTime" : 144.4999999999999,
    "pct3ResTime" : 149.99,
    "throughput" : 23.33177788147457,
    "receivedKBytesPerSec" : 5.837501458236118,
    "sentKBytesPerSec" : 14.68033641507233
  },
  "Total" : {
    "transaction" : "Total",
    "sampleCount" : 700,
    "errorCount" : 0,
    "errorPct" : 0.0,
    "meanResTime" : 80.15857142857148,
    "medianResTime" : 69.0,
    "minResTime" : 0.0,
    "maxResTime" : 1123.0,
    "pct1ResTime" : 104.0,
    "pct2ResTime" : 125.0,
    "pct3ResTime" : 1112.95,
    "throughput" : 119.92461881103307,
    "receivedKBytesPerSec" : 28.261253640568786,
    "sentKBytesPerSec" : 39.31847749271886
  },
  "Generate Valid SAS Address" : {
    "transaction" : "Generate Valid SAS Address",
    "sampleCount" : 100,
    "errorCount" : 0,
    "errorPct" : 0.0,
    "meanResTime" : 113.18000000000005,
    "medianResTime" : 2.0,
    "minResTime" : 0.0,
    "maxResTime" : 1123.0,
    "pct1ResTime" : 994.3000000000062,
    "pct2ResTime" : 1117.85,
    "pct3ResTime" : 1122.96,
    "throughput" : 18.27151470856934,
    "receivedKBytesPerSec" : 0.0,
    "sentKBytesPerSec" : 0.0
  },
  "Relinquishment" : {
    "transaction" : "Relinquishment",
    "sampleCount" : 100,
    "errorCount" : 0,
    "errorPct" : 0.0,
    "meanResTime" : 79.99999999999999,
    "medianResTime" : 77.0,
    "minResTime" : 37.0,
    "maxResTime" : 126.0,
    "pct1ResTime" : 100.70000000000002,
    "pct2ResTime" : 103.0,
    "pct3ResTime" : 126.0,
    "throughput" : 23.860653781913623,
    "receivedKBytesPerSec" : 7.605583392984968,
    "sentKBytesPerSec" : 8.98036715581007
  },
  "Authorize" : {
    "transaction" : "Authorize",
    "sampleCount" : 100,
    "errorCount" : 0,
    "errorPct" : 0.0,
    "meanResTime" : 71.33,
    "medianResTime" : 59.0,
    "minResTime" : 31.0,
    "maxResTime" : 216.0,
    "pct1ResTime" : 124.40000000000003,
    "pct2ResTime" : 145.84999999999997,
    "pct3ResTime" : 215.33999999999966,
    "throughput" : 23.261223540358223,
    "receivedKBytesPerSec" : 4.793084147476157,
    "sentKBytesPerSec" : 5.49728134449872
  }
}